Tld,Currency,Register,Transfer,Renew,Restore,Trustee,Backorder
com,USD,11.31,10.61,11.51,99.9,-,-
club,USD,19.49,19.49,19.49,129.9,-,-
market,USD,38.99,40.01,40.01,144.9,-,-
shop,USD,1.99,40.01,40.01,179.9,-,-
bid,USD,29.99,29.99,29.99,134.9,-,-
porn,USD,106.25,106.27,106.27,331.5,-,-
cloud,USD,27.9,27.92,27.92,99.9,-,-
io,USD,44.99,64.9,64.9,169.9,-,-
biz,USD,23.39,23.39,23.39,109.9,-,-
science,USD,29.99,29.99,29.99,94.9,-,-
uk,USD,9.57,-,9.57,19.7,-,-
org,USD,8.49,13.99,13.99,89.9,-,-
bio,USD,6.99,71.77,71.77,184.9,-,-
tv,USD,31.25,31.25,31.25,129.9,-,-
design,USD,58.49,58.49,58.49,159.9,-,-
us,USD,11.99,11.99,11.99,134.9,-,-
party,USD,29.99,29.99,29.99,134.9,-,-
trade,USD,29.99,30.01,30.01,134.9,-,-
de,USD,8.99,8.99,8.99,58.97,9,-
ac,USD,39.99,56.25,56.25,169.9,-,-
cooking,USD,32.49,32.49,32.49,134.9,-,-
mobi,USD,5.51,49.9,49.9,124.9,-,-
wiki,USD,32.49,32.49,32.49,119.9,-,-
download,USD,29.99,29.99,29.99,119.9,-,-
sh,USD,39.99,56.25,56.25,169.9,-,-
com.co,USD,19.49,19.49,19.49,160,-,-
beer,USD,32.49,32.49,32.49,134.9,-,-
adult,USD,106.25,106.25,106.25,331.5,-,-
info,USD,4.49,27.99,27.99,114.9,-,-
in,USD,6.99,6.99,6.99,64.9,-,-
net.co,USD,19.49,19.25,19.25,160,-,-
sex,USD,106.25,106.25,106.25,331.5,-,-
pro,USD,3.99,27.9,27.9,114.9,-,-
xyz,USD,1.99,14.99,14.99,119.9,-,-
xxx,USD,99.99,99.99,99.99,292.5,-,-
co,USD,19.49,38.99,38.99,160,-,-
net,USD,13.99,14.01,14.01,104.9,-,-
com.tr,TRY,89.9,-,99.9,-,-,-
aero,USD,44.99,49.92,49.92,139.9,-,-
tc,USD,43.99,129.99,43.99,149.9,-,-
cc,USD,13.1,13.1,13.1,59.9,-,-
name,USD,10.96,10.96,10.96,153,-,-
blog,USD,4.99,26.02,26.02,119.9,-,-
app,USD,23.99,23.99,23.99,240,-,-
dev,USD,20.43,20.43,20.43,240,-,-
how,USD,35.06,33.26,35.06,240,-,-
soy,USD,31.28,29.97,31.28,240,-,-
ist,USD,17.99,17.99,17.99,104.9,-,-
ge,USD,29,29,29,13.39,-,-
li,USD,28.99,-,29,64.68,-,-
com.lc,USD,19.8,19.8,19.8,174.9,-,-
lt,USD,15.84,-,15.84,90.22,-,-
lv,USD,48.99,49,49,76.66,-,-
tw,USD,34.45,30.6,34.45,66.95,-,-
com.tw,USD,37.13,37.08,37.13,67.6,-,-
co.uk,USD,11.08,-,11.08,64.9,-,-
me.uk,USD,11.08,11.08,11.08,64.9,-,-
org.uk,USD,12.15,-,12.15,64.9,-,-
vc,USD,33.2,33.2,33.2,199.9,-,-
com.vc,USD,33.2,33.2,33.2,199.9,-,-
com.ve,USD,103.13,93.75,103.13,110.5,-,-
co.ve,USD,103.13,93.75,103.13,110.5,-,-
vg,USD,35,35,35,139.9,-,-
wf,USD,14.05,14.05,14.05,52.83,-,-
ws,USD,36.54,36.54,36.54,153,-,-
yt,USD,14.05,14.05,14.05,52.83,15,-
co.za,USD,9.99,-,10.06,67.15,-,-
net.tr,TRY,89.9,-,99.9,-,-,-
org.tr,TRY,89.9,-,99.9,-,-,-
cn,USD,22.99,22.99,22.99,192,59,-
gen.tr,TRY,89.9,-,99.9,-,-,-
biz.tr,TRY,89.9,-,99.9,-,-,-
com.ar,USD,84.9,84.9,84.9,299.9,-,-
tel,USD,15.68,14.63,15.68,136,-,-
com.hn,USD,103.13,-,103.13,214.5,-,-
im,USD,19.15,-,19.15,-,-,-
com.im,USD,18.95,-,18.95,38.25,-,-
je,USD,111.69,111.69,111.69,179.14,-,-
jp,USD,37.5,-,37.5,192,29,-
com.lv,USD,49.25,-,49.25,76.66,-,-
nz,USD,25.98,-,25.98,49.96,-,-
ro,USD,15.87,-,15.87,102,-,-
bel.tr,TRY,89.9,-,99.9,-,-,-
dr.tr,TRY,89.9,-,99.9,-,-,-
info.tr,TRY,89.9,-,99.9,-,-,-
web.tr,TRY,89.9,-,99.9,-,-,-
name.tr,TRY,89.9,-,99.9,-,-,-
tv.tr,TRY,89.9,-,99.9,-,-,-
bbs.tr,TRY,89.9,-,99.9,-,-,-
k12.tr,TRY,89.9,-,99.9,-,-,-
com.tc,USD,8.99,129.99,8.99,49.9,-,-
net.tc,USD,8.99,129.99,8.99,84.9,-,-
org.tc,USD,8.99,129.99,8.99,49.9,-,-
pro.tc,USD,8.99,129.99,8.99,49.9,-,-
berlin,USD,76.99,71.82,76.99,303.8,7,-
qa,USD,35.1,35.1,35.1,139.9,-,-
istanbul,USD,21.99,22.01,22.01,109.9,-,-
brussels,USD,38.93,38.93,38.93,175.04,-,-
co.am,USD,62.5,62.5,62.5,149.9,-,-
ae,USD,42.99,42.99,42.99,134.9,-,-
co.gy,USD,48.13,48.07,48.13,97.5,-,-
sb,USD,90,90,90,90.08,-,-
co.mu,USD,93.75,93.75,93.75,223.44,-,-
co.nl,USD,10.08,10.08,10.08,109.9,-,-
com.am,USD,67,40.51,67,239.9,-,-
com.se,USD,15.6,15.6,15.6,94.9,-,-
africa,USD,25.9,25.9,25.9,119,-,-
pt,USD,41.07,-,41.07,69.76,-,-
su,USD,39.9,39.9,49.9,69.9,1,-
id,USD,37.85,37.81,37.85,192,-,-
ai,USD,-,199.8,-,419.9,-,-
co.no,USD,24.99,24.99,24.99,134.9,-,-
co.it,USD,20,20,20,52.36,15,-
net.za,USD,9.99,-,10.06,67.15,-,-
fo,USD,79,79,79,164.9,-,-
ps,USD,56,55.99,55.99,124.9,-,-
com.ps,USD,46,59.9,59.9,124.9,-,-
gov.tr,TRY,89.9,-,99.9,-,-,-
edu.tr,TRY,89.9,-,99.9,-,-,-
ac.nz,USD,46.45,-,46.45,71.76,-,-
org.za,USD,9.99,-,10.06,67.15,-,-
bh,USD,49.9,49.9,49.9,134.9,-,-
com.bh,USD,49.9,49.9,49.9,134.9,-,-
hu,USD,75.99,99,76,120.29,30,-
au,USD,16.49,-,16.49,39.02,-,-
eu,USD,8.99,13.99,8.99,35.38,12,-
aca.pro,USD,156.25,156.25,156.25,329.9,-,-
travel,USD,30.99,143.74,143.74,269.9,-,-
co.ag,USD,62.5,65,65,249.9,-,-
com.ag,USD,62.5,65,65,249.9,-,-
vu,USD,78.13,78.13,78.13,243.75,-,-
edu.pl,USD,24.99,-,24.99,50.91,-,-
si,USD,39.99,39.99,39.99,99.65,-,-
com.ai,USD,-,199.8,199.8,419.9,-,-
co.id,USD,59.9,59.9,59.9,-,-,-
marketing,USD,8.99,39.99,39.99,134.9,-,-
jobs,USD,151.25,151.07,151.25,260,-,-
de.com,USD,18.51,18.51,18.51,104.9,-,-
uk.com,USD,32.95,32.95,32.95,119.9,-,-
eu.com,USD,18.51,18.51,18.51,104.9,-,-
br.com,USD,41.25,41.25,41.25,144.9,-,-
co.at,USD,23.32,-,23.32,41.36,-,-
com.au,USD,15.93,-,15.93,39.02,-,-
cm,USD,105.63,-,105.63,-,-,-
com.cm,USD,106.25,-,106.25,-,-,-
com.cn,USD,25.29,24.03,25.29,214.9,1,-
org.cn,USD,26.99,26.99,26.99,214.9,1,-
be,USD,13.34,13.34,13.34,80.19,-,-
cl,USD,58.29,53.56,58.29,83.98,-,-
bz,USD,24.5,24.5,24.5,179.9,-,-
com.bz,USD,24.5,24.5,24.5,179.9,-,-
cx,USD,27.5,27.5,27.5,136,-,-
cz,USD,15.99,-,15.99,58.43,-,-
dk,USD,17.59,-,17.59,78.92,-,-
ca,USD,14.9,14.9,14.9,58.45,-,-
ec,USD,87.5,87.5,87.5,193.7,-,-
ru.com,USD,169.9,169.9,169.9,279.9,-,-
us.com,USD,18.75,18.75,18.75,109.9,-,-
cn.com,USD,23.4,45.5,45.5,139.9,1,-
sa.com,USD,359,357,359,440.7,-,-
gr.com,USD,18.85,18.85,18.85,99.9,-,-
co.com,USD,32,32,32,119.9,-,-
associates,USD,21.99,37.49,37.49,129.9,-,-
capital,USD,9.99,68.74,68.74,169.9,-,-
creditcard,USD,6.99,156.25,156.25,329.9,-,-
financial,USD,18.99,56.24,56.24,154.9,-,-
industries,USD,17.51,43.74,43.74,134.9,-,-
investments,USD,12.5,124.99,124.99,239.9,-,-
services,USD,10.99,37.49,37.49,129.9,-,-
auction,USD,3.99,34.99,34.99,124.9,-,-
careers,USD,46.88,68.74,68.74,169.9,-,-
company,USD,6.51,19.99,19.99,99.9,-,-
enterprises,USD,9.99,33.75,33.75,129.9,-,-
foundation,USD,26.88,26.89,26.89,134.9,-,-
institute,USD,9.09,26.24,26.24,114.9,-,-
limited,USD,9.99,34.99,34.99,124.9,-,-
mortgage,USD,9.99,59.99,59.99,159.9,-,-
solutions,USD,11.51,29.99,29.99,119.9,-,-
ventures,USD,15,57.49,57.49,154.9,-,-
cash,USD,14.02,37.49,37.49,124.9,-,-
consulting,USD,26.49,52.49,52.49,139.9,-,-
exchange,USD,9.99,37.49,37.49,129.9,-,-
fund,USD,12.52,68.74,68.74,164.9,-,-
insure,USD,12.5,69.99,69.99,159.9,-,-
ltda,USD,45.9,45.9,45.9,134.9,-,-
partners,USD,15.64,68.74,68.74,169.9,-,-
tax,USD,9.99,64.99,64.99,169.9,-,-
versicherung,USD,191.62,191.62,191.62,718.99,-,-
ceo,USD,109.9,109.9,109.9,254.9,-,-
credit,USD,7.52,99.99,99.99,229.9,-,-
finance,USD,12.52,62.49,62.49,159.9,-,-
holdings,USD,55.99,56.27,56.27,169.9,-,-
international,USD,9.99,29.99,29.99,119.9,-,-
sarl,USD,33,33,33,124.9,-,-
world,USD,4.49,39.99,39.99,129.9,-,-
dating,USD,18.75,62.49,62.49,164.9,-,-
sexy,USD,3125,3125,3125,5059.9,-,-
singles,USD,8.13,32.49,32.49,124.9,-,-
center,USD,7.52,31.24,31.24,114.9,-,-
events,USD,13.99,43.74,43.74,129.9,-,-
vote,USD,34.99,95.01,95.01,199.9,-,-
gallery,USD,23.99,23.77,23.77,119.9,-,-
voting,USD,1443.75,1443.75,1443.75,1460.56,-,-
community,USD,29.99,43.74,43.74,129.9,-,-
democrat,USD,6.99,31.24,31.24,124.9,-,-
support,USD,8.51,26.24,26.24,114.9,-,-
academy,USD,17.14,44.99,44.99,129.9,-,-
shiksha,USD,12.5,49.99,49.99,104.9,-,-
degree,USD,9.99,49.99,49.99,144.9,-,-
training,USD,18.49,39.99,39.99,129.9,-,-
education,USD,29.99,35.01,35.01,124.9,-,-
schule,USD,15.49,27.49,27.49,109.9,-,-
university,USD,15.99,59.99,59.99,159.9,-,-
fi,USD,59,-,59,72.09,-,-
com.ec,USD,96.25,96.14,96.25,208,-,-
fm,USD,110.5,106.24,106.24,239.9,-,-
pm,USD,14.05,14.05,14.05,52.83,9,-
com.es,USD,9.99,-,10.18,47.17,-,-
gd,USD,34.9,34.9,34.9,139.9,-,-
gg,USD,84.25,77.9,84.25,179.14,-,-
hk,USD,56.26,-,56.26,163.64,-,-
com.hk,USD,25.52,25.49,25.52,163.76,-,-
hn,USD,93.75,93.75,93.75,199.55,-,-
gl,USD,36.78,36.78,36.78,109.9,-,-
ht,USD,118.75,127.9,118.75,135.2,-,-
com.ht,USD,37.5,37.5,37.5,65,-,-
gr,USD,-,49.9,49.9,90.22,-,-
com.gl,USD,66.91,66.91,66.91,186.34,-,-
com.gr,USD,-,49.9,-,169.9,-,-
gs,USD,30.79,41.99,30.79,59.8,-,-
com.gy,USD,48.13,48.07,48.13,97.5,-,-
ind.in,USD,8.15,8.15,8.15,64.9,-,-
is,USD,76.47,-,76.47,195.87,-,-
me,USD,5.54,22.99,22.99,119.9,-,-
mg,USD,183.81,167.1,183.81,222.3,-,-
com.mg,USD,183.81,167.1,183.81,579.9,-,-
mn,USD,43.75,43.75,43.75,219.9,-,-
ms,USD,85.8,71.9,85.8,118.3,-,-
com.ms,USD,84.9,84.9,84.9,155.3,-,-
mu,USD,93.75,93.75,93.75,223.44,-,-
com.mu,USD,93.75,93.75,93.75,223.44,-,-
mx,USD,39.99,56.78,56.78,144.9,-,-
com.mx,USD,29.99,43.29,43.29,63.99,-,-
my,USD,2.99,39.9,39.9,116.9,19.9,-
com.my,USD,36.25,36.25,36.25,86.9,19.9,-
nf,USD,189.99,199,199,208,-,-
nl,USD,11.99,11.99,11.99,188.69,-,-
no,USD,15.39,-,15.39,52.41,49,-
nu,USD,25.49,-,25.49,51.65,-,-
co.nz,USD,46.99,-,46.99,71.58,-,-
pe,USD,75.79,101.96,75.79,175.5,-,-
com.pe,USD,75.63,75.54,75.63,175.5,-,-
ph,USD,99.99,99.99,99.99,113.75,-,-
com.ph,USD,151.25,151.07,151.25,175.5,-,-
pl,USD,24.03,-,24.03,51.82,-,-
com.pl,USD,18.58,-,18.58,44.76,-,-
biz.pl,USD,18.58,-,18.58,44.76,-,-
com.pt,USD,59,-,59,69.83,-,-
pw,USD,21.99,29,29,109.9,-,-
re,USD,21.44,21.44,21.44,52.83,-,-
com.ro,USD,34.99,-,34.99,99.9,-,-
com.ru,USD,39.9,39.9,49.9,79.9,1,-
net.ru,USD,25.9,25.9,25.9,79.9,-,-
org.ru,USD,39.9,39.9,49.9,79.9,-,-
com.sb,USD,69.8,63.46,69.8,90.54,-,-
sc,USD,115.9,115.9,115.9,319.9,-,-
com.sc,USD,115.9,115.9,115.9,319.9,-,-
se,USD,29.99,-,29.99,51.65,-,-
sg,USD,49.84,49.78,49.84,112.13,35,-
com.sg,USD,54.89,54.25,54.89,116.35,-,-
so,USD,84.38,-,84.38,270.4,-,-
com.so,USD,92.81,-,92.81,282.75,-,-
sx,USD,37.5,37.5,37.5,170,-,-
tf,USD,17.14,17.14,17.14,52.83,3,-
tk,USD,7.97,7.06,7.97,47.17,-,-
tl,USD,94,94,94,86.1,-,-
tm,USD,519,519,519,1.04,-,-
to,USD,125,125,125,-,-,-
la,USD,38.75,38.73,38.75,69.16,-,-
farm,USD,11.99,37.49,37.49,129.9,-,-
pizza,USD,12.52,62.49,62.49,164.9,-,-
restaurant,USD,18.99,62.49,62.49,159.9,-,-
fish,USD,12.5,42.49,42.49,134.9,-,-
pub,USD,34.99,34.99,34.99,134.9,-,-
coffee,USD,17.99,41.24,41.24,129.9,-,-
kitchen,USD,12.5,62.49,62.49,159.9,-,-
recipes,USD,11.74,74.99,74.99,164.9,-,-
vodka,USD,32.49,32.49,32.49,134.9,-,-
capetown,USD,43.08,41.33,43.08,140.98,-,-
global,USD,36.99,93.74,93.74,194.9,-,-
london,USD,41.81,41.81,41.81,149.9,-,-
paris,USD,61.96,61.96,61.96,173.96,-,-
vlaanderen,USD,38.93,38.93,38.93,175.04,-,-
bayern,USD,35.95,35.95,35.95,144.9,9.99,-
city,USD,6.49,27.49,27.49,114.9,-,-
hamburg,USD,77.32,71.77,77.32,336.61,9,-
nagoya,USD,19.9,19.9,19.9,84.9,-,-
quebec,USD,32.17,32.17,32.17,124.2,-,-
tokyo,USD,19.9,19.9,19.9,84.9,-,-
wien,USD,61.95,61.95,61.95,196.94,-,-
cologne,USD,38.98,38.98,38.98,175.08,-,-
joburg,USD,43.08,41.33,43.08,140.98,-,-
nyc,USD,31.88,31.88,31.88,229.9,-,-
town,USD,6.99,34.99,34.99,124.9,-,-
yokohama,USD,19.9,19.9,19.9,84.9,-,-
durban,USD,43.08,41.33,43.08,140.98,-,-
koeln,USD,38.98,38.98,38.98,175.08,-,-
okinawa,USD,20.79,20.42,20.79,98.15,-,-
vegas,USD,71.25,71.25,71.25,179.61,-,-
care,USD,18.77,42.49,42.49,134.9,-,-
help,USD,3.99,27.49,27.49,104.9,-,-
vision,USD,6.99,43.74,43.74,129.9,-,-
clinic,USD,12.52,62.49,62.49,164.9,-,-
yoga,USD,32.49,32.49,32.49,134.9,-,-
dental,USD,61.99,62.5,62.5,179.9,-,-
rehab,USD,9.99,34.99,34.99,129.9,-,-
healthcare,USD,74.99,74.99,74.99,199.9,-,-
surgery,USD,55,55,55,154.9,-,-
audio,USD,125,125,125,299.9,-,-
kim,USD,9.49,22.49,22.49,109.9,-,-
机构,USD,14.99,14.99,14.99,26.81,-,-
ng,USD,11.99,-,11.99,28.07,-,-
com.ng,USD,11.99,11.99,11.99,124.9,-,-
net.ng,USD,11.99,11.99,11.99,84.9,-,-
org.ng,USD,11.99,11.99,11.99,119.9,-,-
com.br,USD,29.99,29.99,29.99,25.86,9,-
africa.com,USD,-,-,-,-,-,-
cv,USD,9.99,9.99,9.99,29.9,-,-
mk,USD,26.99,26.99,26.99,74.75,-,-
bar,USD,2.99,85,85,159.9,-,-
menu,USD,43.99,41.5,43.99,156.29,-,-
rest,USD,1.99,39.9,39.9,109.9,-,-
hiv,USD,225,269.09,269.09,419.9,-,-
country,USD,31.88,37.36,37.36,109.9,-,-
hiphop,USD,125,149.49,149.49,390,-,-
luxury,USD,32.5,39,39,129.9,-,-
republican,USD,8.99,31.25,31.25,129.9,-,-
tattoo,USD,39,39.02,39.02,134.9,-,-
diet,USD,125,125,125,299.9,-,-
horse,USD,32.49,32.49,32.49,134.9,-,-
kiwi,USD,26.5,26.5,26.5,121.96,-,-
moda,USD,12.5,39.99,39.99,124.9,-,-
rocks,USD,10.99,22.77,22.77,104.9,-,-
vet,USD,35.99,36.25,36.25,139.9,-,-
church,USD,16.49,56.24,56.24,134.9,-,-
expert,USD,9.99,59.99,59.99,164.9,-,-
lgbt,USD,12.5,77.49,77.49,164.9,-,-
moe,USD,21.31,20.08,21.31,153,-,-
scot,USD,44.82,44.82,44.82,432.56,-,-
cool,USD,6.99,43.74,43.74,129.9,-,-
guru,USD,3.99,41.24,41.24,134.9,-,-
juegos,USD,375,448.49,448.49,1.17,-,-
life,USD,3.49,34.99,34.99,129.9,-,-
ninja,USD,12.99,29.99,29.99,119.9,-,-
agency,USD,6.99,29.99,29.99,114.9,-,-
direct,USD,12.5,39.99,39.99,129.9,-,-
jetzt,USD,9.09,22.49,22.49,109.9,-,-
photos,USD,11.49,28.74,28.74,114.9,-,-
productions,USD,14.99,38.74,38.74,129.9,-,-
tips,USD,9.99,29.99,29.99,119.9,-,-
band,USD,18.99,29.99,29.99,119.9,-,-
exposed,USD,22,22,22,109.9,-,-
media,USD,9.51,43.74,43.74,134.9,-,-
pics,USD,1.99,30.99,30.99,144.9,-,-
report,USD,9.99,23.74,23.74,109.9,-,-
today,USD,4.49,27.49,27.49,114.9,-,-
buzz,USD,2.49,39.38,39.38,244.9,-,-
fail,USD,9.99,37.49,37.49,129.9,-,-
photo,USD,25,25,25,134.9,-,-
pictures,USD,9.79,14.99,14.99,99.9,-,-
reviews,USD,7.99,59.99,59.99,159.9,-,-
wtf,USD,7.01,34.99,34.99,124.9,-,-
digital,USD,4.49,39.99,39.99,134.9,-,-
graphics,USD,22.99,23.01,23.01,114.9,-,-
photography,USD,9.99,34.99,34.99,124.9,-,-
press,USD,79.99,79.99,79.99,219.9,-,-
social,USD,7.52,39.99,39.99,129.9,-,-
accountants,USD,27.99,112.49,112.49,229.9,-,-
builders,USD,7.99,33.75,33.75,129.9,-,-
engineering,USD,16.99,62.49,62.49,164.9,-,-
plumbing,USD,9.99,69.99,69.99,154.9,-,-
actor,USD,12.5,42.49,42.49,139.9,-,-
florist,USD,9.99,31.25,31.25,124.9,-,-
work,USD,12.99,12.99,12.99,94.9,-,-
archi,USD,24.99,99.99,99.99,199.9,-,-
dentist,USD,61.99,61.99,61.99,179.9,-,-
lawyer,USD,52.99,54.9,54.9,164.9,-,-
attorney,USD,52.99,53.75,53.75,164.9,-,-
engineer,USD,11.69,37.49,37.49,129.9,-,-
build,USD,80,80,80,249.9,-,-
construction,USD,15.99,37.49,37.49,129.9,-,-
furniture,USD,25,99.99,99.99,239.9,-,-
immobilien,USD,9.99,36.24,36.24,124.9,-,-
properties,USD,13.77,37.49,37.49,129.9,-,-
contractors,USD,6.99,33.9,33.9,124.9,-,-
haus,USD,12.52,32.49,32.49,124.9,-,-
land,USD,12.52,39.99,39.99,129.9,-,-
property,USD,59.99,149.99,149.99,259.9,-,-
casa,USD,7.8,7.8,7.8,134.9,-,-
estate,USD,9.99,37.49,37.49,129.9,-,-
house,USD,17.99,42.49,42.49,134.9,-,-
lease,USD,9.99,53.74,53.74,154.9,-,-
rentals,USD,9.99,42.49,42.49,129.9,-,-
condos,USD,49.99,55,55,159.9,-,-
forsale,USD,12.5,34.99,34.99,124.9,-,-
immo,USD,9.99,33.74,33.74,124.9,-,-
maison,USD,16.29,54.99,54.99,154.9,-,-
villas,USD,12.52,57.49,57.49,149.9,-,-
cheap,USD,6.99,34.99,34.99,124.9,-,-
discount,USD,7.99,28.75,28.75,124.9,-,-
gratis,USD,22,22,22,109.9,-,-
qpon,USD,2.99,14.99,14.99,99.9,-,-
toys,USD,12.5,62.49,62.49,159.9,-,-
bargains,USD,13.75,28.75,28.75,124.9,-,-
clothing,USD,24.99,31.27,31.27,124.9,-,-
kaufen,USD,6.99,28.75,28.75,124.9,-,-
shoes,USD,25.99,62.49,62.49,159.9,-,-
deals,USD,6.99,37.49,37.49,129.9,-,-
blackfriday,USD,125,125,125,390,-,-
delivery,USD,8.99,59.99,59.99,154.9,-,-
gift,USD,23.75,23.99,23.99,124.9,-,-
supplies,USD,20.99,22,22,114.9,-,-
boutique,USD,4.99,31.25,31.25,124.9,-,-
diamonds,USD,47.5,55,55,154.9,-,-
gifts,USD,9.79,34.99,34.99,124.9,-,-
tienda,USD,6.99,57.49,57.49,159.9,-,-
bike,USD,9.99,37.49,37.49,129.9,-,-
fishing,USD,32.49,32.49,32.49,119.9,-,-
surf,USD,32.49,32.49,32.49,134.9,-,-
cricket,USD,25.99,25.99,25.99,119.9,-,-
fitness,USD,9.49,39.99,39.99,129.9,-,-
dance,USD,25.49,26.24,26.24,114.9,-,-
futbol,USD,22,23.9,23.9,104.9,-,-
rodeo,USD,12.99,12.99,12.99,99.9,-,-
cab,USD,15.59,31.24,31.24,124.9,-,-
guide,USD,15.99,39.99,39.99,129.9,-,-
reise,USD,110,110,110,209.9,-,-
viajes,USD,55,55,55,149.9,-,-
camp,USD,8.49,59.99,59.99,154.9,-,-
holiday,USD,6.99,62.49,62.49,159.9,-,-
reisen,USD,22,22,22,109.9,-,-
voyage,USD,6.99,56.24,56.24,154.9,-,-
cruises,USD,9.99,53.75,53.75,154.9,-,-
limo,USD,12.5,52.49,52.49,154.9,-,-
flights,USD,37.5,56.24,56.24,154.9,-,-
place,USD,33,33,33,109.9,-,-
vacations,USD,6.99,37.49,37.49,129.9,-,-
camera,USD,13.99,56.24,56.24,159.9,-,-
directory,USD,5.49,26.24,26.24,114.9,-,-
hosting,USD,375,375,375,699.9,-,-
systems,USD,22.51,33.74,33.74,119.9,-,-
website,USD,25,25.02,25.02,119.9,-,-
click,USD,1.99,11.72,11.72,79.9,-,-
link,USD,8.77,10.47,10.47,74.9,-,-
software,USD,19.49,39.99,39.99,129.9,-,-
technology,USD,11.49,28.01,28.01,119.9,-,-
codes,USD,8.49,68.74,68.74,164.9,-,-
email,USD,8.51,29.99,29.99,119.9,-,-
solar,USD,6.99,62.49,62.49,159.9,-,-
wang,USD,12.99,12.99,12.99,153,-,-
computer,USD,22.09,37.49,37.49,129.9,-,-
host,USD,99.99,99.99,99.99,289.9,-,-
network,USD,4.99,33.74,33.74,124.9,-,-
space,USD,0.99,31.24,31.24,119.9,-,-
webcam,USD,29.99,29.99,29.99,134.9,-,-
catering,USD,33.99,33.75,33.75,134.9,-,-
gives,USD,26.88,26.88,26.88,129.9,-,-
ink,USD,32.49,32.49,32.49,129.9,-,-
pink,USD,9.99,24.99,24.99,109.9,-,-
supply,USD,25.99,22.5,22.5,114.9,-,-
works,USD,7.49,37.49,37.49,129.9,-,-
black,USD,18.99,62.49,62.49,164.9,-,-
christmas,USD,44.84,44.84,44.84,159.9,-,-
glass,USD,54.99,56.5,56.5,169.9,-,-
lighting,USD,9.99,22.52,22.52,114.9,-,-
red,USD,9.99,22.49,22.49,109.9,-,-
tools,USD,11.99,34.99,34.99,124.9,-,-
blue,USD,18.99,23.74,23.74,109.9,-,-
cleaning,USD,64.99,64.99,64.99,184.9,-,-
gripe,USD,33,33,33,124.9,-,-
repair,USD,9.09,34.99,34.99,129.9,-,-
uno,USD,25.99,25.99,25.99,109.9,-,-
rich,USD,2550,2550,2550,4940,-,-
run,USD,4.99,26.24,26.24,114.9,-,-
school,USD,6.99,34.99,34.99,129.9,-,-
shopping,USD,9.99,29.9,29.9,124.9,-,-
sucks,USD,328.65,328.26,328.65,414.73,-,-
swiss,USD,597.7,186.82,597.7,333.34,-,-
team,USD,6.99,34.99,34.99,124.9,-,-
vip,USD,19.49,19.49,19.49,119.9,-,-
fan,USD,7.5,52.49,52.49,149.9,-,-
gold,USD,6.99,99.99,99.99,229.9,-,-
news,USD,11.49,31.24,31.24,119.9,-,-
plus,USD,15.49,52.49,52.49,129.9,-,-
apartments,USD,12.5,54.99,54.99,159.9,-,-
art,USD,4.99,32.51,32.51,119.9,-,-
bet,USD,11.69,24.99,24.99,114.9,-,-
business,USD,3.99,18.74,18.74,99.9,-,-
cam,USD,15,33.5,33.5,129.9,-,-
casino,USD,15.99,156.24,156.24,299.9,-,-
chat,USD,9.99,43.74,43.74,129.9,-,-
claims,USD,12.5,62.49,62.49,169.9,-,-
coach,USD,12.52,74.99,74.99,164.9,-,-
college,USD,18.75,62.5,62.5,199.9,-,-
coupons,USD,7.99,53.4,53.4,154.9,-,-
cymru,USD,17.05,16.96,17.05,44.16,-,-
doctor,USD,12.52,112.49,112.49,239.9,-,-
dog,USD,6.99,62.49,62.49,159.9,-,-
domains,USD,12.5,41.24,41.24,134.9,-,-
earth,USD,24.99,24.99,24.99,176,-,-
energy,USD,13.99,112.49,112.49,229.9,-,-
cafe,USD,6.99,49.99,49.99,134.9,-,-
bingo,USD,9.99,51.27,51.27,154.9,-,-
family,USD,12.5,37.49,37.49,124.9,-,-
irish,USD,6.99,21.24,21.24,109.9,-,-
car,USD,2500,2500,2500,4099.9,-,-
broker,USD,12.5,34.99,34.99,124.9,-,-
auto,TRY,2500,2500,2500,4099.9,-,-
amsterdam,USD,48.64,48.64,48.64,283.04,-,-
group,USD,9.51,24.99,24.99,109.9,-,-
win,USD,29.99,29.99,29.99,94.9,-,-
store,USD,1.99,52.49,52.49,279.9,-,-
review,USD,29.99,29.99,29.99,119.9,-,-
racing,USD,29.99,29.99,29.99,119.9,-,-
promo,USD,12.5,23.74,23.74,109.9,-,-
poker,USD,14.99,64.99,64.99,164.9,-,-
men,USD,29.99,29.99,29.99,119.9,-,-
loan,USD,29.99,29.99,29.99,119.9,-,-
green,USD,7.99,77.49,77.49,184.9,-,-
faith,USD,6.47,9.19,9.19,119.9,-,-
date,USD,29.99,29.99,29.99,119.9,-,-
accountant,USD,25.99,25.99,25.99,94.9,-,-
lol,USD,1.99,30.99,30.99,144.9,-,-
tech,USD,3.99,61.24,61.24,199.9,-,-
top,USD,1.99,7.01,7.01,69,-,-
cars,USD,2500,2500,2500,4099.9,-,-
online,USD,1.99,34.37,34.37,169.9,-,-
flowers,USD,125,125,125,299.9,-,-
site,USD,0.99,34.37,34.37,169.9,-,-
fashion,USD,32.49,32.49,32.49,134.9,-,-
fit,USD,32.49,32.49,32.49,119.9,-,-
garden,USD,32.49,32.49,32.49,119.9,-,-
miami,USD,23.39,23.39,23.39,119.9,-,-
wedding,USD,32.49,32.49,32.49,134.9,-,-
watch,USD,6.99,42.49,42.49,134.9,-,-
rip,USD,6.49,22.49,22.49,109.9,-,-
parts,USD,15.99,39.99,39.99,129.9,-,-
guitars,USD,125,125,125,299.9,-,-
equipment,USD,12.52,27.49,27.49,109.9,-,-
cards,USD,7.99,37.49,37.49,129.9,-,-
football,USD,12.52,24.99,24.99,114.9,-,-
forex,USD,12.5,99.99,99.99,156,-,-
fyi,USD,14.99,19.5,19.5,104.9,-,-
game,USD,375,375.02,375.02,699.9,-,-
games,USD,18.77,32.49,32.49,119.9,-,-
gmbh,USD,34.99,34.99,34.99,134.9,-,-
golf,USD,6.99,62.49,62.49,164.9,-,-
hockey,USD,9.99,57.49,57.49,154.9,-,-
hospital,USD,54.99,55.01,55.01,169.9,-,-
jewelry,USD,12.5,62.49,62.49,164.9,-,-
kyoto,USD,80.23,226.93,80.23,276.29,-,-
lat,USD,32.9,30.9,32.9,97.5,-,-
law,USD,110,110.02,110.02,292.5,-,-
legal,USD,6.99,68.74,68.74,169.9,-,-
fun,USD,0.99,37.49,37.49,169.9,-,-
boston,USD,23.39,23.39,23.39,119.9,-,-
bible,USD,165.3,165.11,165.3,273.29,-,-
baby,USD,18.75,62.5,62.5,199.9,-,-
organic,USD,12.5,82.49,82.49,189.9,-,-
storage,USD,609,609,609,1.099,-,-
org.ms,USD,64.75,44.63,64.75,155.4,-,-
luxe,USD,19.99,19.99,19.99,89.9,-,-
observer,USD,11.99,11.99,11.99,99.9,-,-
live,USD,3.99,31.24,31.24,119.9,-,-
loans,USD,12.52,112.49,112.49,229.9,-,-
kep.tr,TRY,89.9,-,99.9,-,-,-
courses,USD,38.99,38.99,38.99,264.9,-,-
select,USD,-,-,-,-,-,-
lotto,USD,1900,1900,1900,2779.9,-,-
org.bh,USD,-,-,-,-,-,-
reit,USD,-,-,-,-,-,-
ltd,USD,10.99,29.99,29.99,119.9,-,-
makeup,USD,1.99,14.99,14.99,119.9,-,-
markets,USD,6.99,18.74,18.74,99.9,-,-
mba,USD,12.5,37.49,37.49,129.9,-,-
melbourne,USD,60.68,60.68,60.68,349.9,-,-
memorial,USD,55,55,55,149.9,-,-
mom,USD,1.99,32.52,32.52,149.9,-,-
money,USD,12.99,33.77,33.77,129.9,-,-
movie,USD,43.75,337.49,337.49,540,-,-
ngo,USD,29,29.02,29.02,109.9,-,-
one,USD,30.24,29.99,30.24,176,-,-
onl,USD,3.99,28.99,28.99,69.9,-,-
film,USD,-,-,-,-,-,-
eco,USD,-,-,-,-,-,-
pet,USD,13.99,25.89,25.89,109.9,-,-
ruhr,USD,-,-,-,-,-,-
protection,USD,2500,2500,2500,4099.9,-,-
net.cn,USD,24.99,24.99,24.99,178.75,-,-
rent,USD,18.75,62.5,62.5,199.9,-,-
sale,USD,6.99,37.49,37.49,129.9,-,-
id.au,USD,-,-,-,-,-,-
compare,USD,32.49,32.49,32.49,304.9,-,-
nrw,USD,57.42,57.42,57.42,384.9,-,-
salon,USD,12.99,54.99,54.99,159.9,-,-
diy,USD,4.99,40.01,40.01,199.9,-,-
security,USD,2500,2500,2500,4099.9,-,-
lifestyle,USD,4.99,39.99,39.99,199.9,-,-
food,USD,4.99,40.01,40.01,199.9,-,-
living,USD,4.99,39.99,39.99,199.9,-,-
music,USD,49.9,49.92,49.92,144.3,-,-
best,USD,18.75,18.75,18.75,109.9,-,-
show,USD,11.27,42.49,42.49,134.9,-,-
ski,USD,25.99,62.49,62.49,159.9,-,-
soccer,USD,12.5,24.99,24.99,109.9,-,-
srl,USD,43.9,43.9,43.9,129.9,-,-
stream,USD,29.99,30.01,30.01,119.9,-,-
studio,USD,16.51,38.77,38.77,129.9,-,-
study,USD,38.99,38.99,38.99,264.9,-,-
style,USD,23.49,37.49,37.49,129.9,-,-
sydney,USD,80.5,80.5,80.5,349.9,-,-
taipei,USD,23.4,23.37,23.4,-,-,-
taxi,USD,9.99,59.99,59.99,164.9,-,-
giving,USD,26.88,26.88,26.88,119.9,-,-
tennis,USD,56.99,57.5,57.5,169.9,-,-
inc,USD,2500,2500,2500,4079.9,-,-
theater,USD,12.5,62.49,62.49,159.9,-,-
ong,USD,42.99,42.99,42.99,149.9,-,-
theatre,USD,800,800,800,1.099,-,-
tickets,USD,437.5,437.5,437.5,799.9,-,-
tires,USD,9.99,87.5,87.5,219.9,-,-
tirol,USD,63.79,58.79,63.79,201.77,-,-
tours,USD,9.99,59.99,59.99,159.9,-,-
trading,USD,17.99,17.5,17.5,109.9,-,-
tube,USD,35.06,33.26,35.06,153,-,-
spa,USD,26,32.9,32.9,199.9,-,-
video,USD,9.99,34.99,34.99,129.9,-,-
frl,USD,39.99,39.99,39.99,249.9,-,-
vin,USD,7.5,57.49,57.49,159.9,-,-
sbs,USD,1.99,18.99,18.99,184.9,-,-
forum,USD,4.99,59.99,59.99,159.9,-,-
quest,USD,1.99,14.99,14.99,119.9,-,-
beauty,USD,1.99,14.99,14.99,119.9,-,-
voto,USD,19.99,67.5,67.5,189.9,-,-
hair,USD,1.99,14.99,14.99,119.9,-,-
wales,USD,16.99,16.99,16.99,44.16,-,-
cyou,USD,1.99,18.99,18.99,184.9,-,-
wine,USD,6.99,57.49,57.49,154.9,-,-
abogado,USD,26,26,26,119.9,-,-
skin,USD,1.99,14.99,14.99,119.9,-,-
health,USD,77.99,77.99,77.99,195,-,-
saarland,USD,24.3,24.3,24.3,234.9,-,-
feedback,USD,379,379,379,715,-,-
realty,USD,109.9,353.6,353.6,639.9,-,-
gay,USD,38.99,38.99,38.99,299.9,-,-
fans,USD,9.99,9.99,9.99,114.9,-,-
contact,USD,13.99,13.75,13.75,99.9,-,-
bond,USD,1.99,18.99,18.99,184.9,-,-
bank,USD,1237.39,1235.13,1237.39,1299.14,-,-
homes,USD,1.99,14.99,14.99,119.9,-,-
yachts,USD,1.99,14.99,14.99,119.9,-,-
autos,USD,1.99,14.99,14.99,119.9,-,-
boats,USD,1.99,14.99,14.99,119.9,-,-
charity,USD,33,33,33,124.9,-,-
llc,USD,14.99,41.25,41.25,129.9,-,-
cat,USD,41.07,41.07,41.07,-,-,-
navy,USD,34.99,34.99,34.99,134.9,-,-
airforce,USD,35.99,35.99,35.99,129.9,-,-
monster,USD,1.99,14.99,14.99,119.9,-,-
desi,USD,17.99,17.99,17.99,224.9,-,-
coop,USD,89.99,90.01,90.01,119.9,-,-
icu,USD,3.99,18.99,18.99,184.9,-,-
love,USD,9.99,26,26,219.9,-,-
gy,USD,43.75,43.75,43.75,88.92,-,-
ie,USD,34.33,34.33,34.33,179.26,-,-
lu,USD,30.79,28.51,30.79,211.9,-,-
co.in,USD,5.69,5.69,5.69,64.9,-,-
net.in,USD,7.49,7.49,7.49,64.9,-,-
org.in,USD,7.49,7.49,7.49,64.9,-,-
tr,TRY,159,-,169.9,-,-,-
atakdomain-ga,USD,-,-,-,-,-,-
ru,USD,39.9,39.9,49.9,498,-,-
express,USD,10.99,37.49,37.49,129.9,-,-
es,USD,11.95,11.95,11.95,47.17,-,-
it,USD,19.99,19.99,19.99,52.36,15,-
ag,USD,93.75,93.75,93.75,299.9,-,-
as,USD,-,-,135,109.2,-,-
at,USD,18.29,-,18.29,36.47,-,-
am,USD,41.25,40.51,41.25,83.85,-,-
ch,USD,17.88,-,17.88,64.68,-,-
机构,USD,14.99,14.99,14.99,26.81,-,-
البحرين,USD,-,-,-,-,-,-
av.tr,TRY,89.9,-,99.9,-,-,-
lc,USD,26,26,26,184.9,-,-
com.de,USD,8.53,8.53,8.53,169.9,-,-
army,USD,12.99,37.49,37.49,129.9,-,-
com.ge,USD,29,29,29,13.39,-,-
com.mk,USD,26.99,26.99,26.99,74.75,-,-
asia,USD,14.99,16.27,16.27,104.9,-,-
management,USD,9.99,24.99,24.99,109.9,-,-
zone,USD,9.99,37.49,37.49,129.9,-,-
ooo,USD,25.99,29.99,29.99,199.9,-,-
commotorcycles,USD,-,-,-,-,-,-
testxxx1,USD,15,15,15,15,-,15
tn,USD,11.96,-,-,-,-,-
ee,USD,-,-,-,-,-,-
cf,USD,-,-,-,-,-,-
st,USD,24.7,24.7,24.7,61.75,-,-
co.il,USD,43.49,43.49,43.49,81.74,-,-
sk,USD,42.5,42.5,42.5,106.24,-,-
org.br,USD,34.9,-,34.9,39.1,-,-
net.br,USD,24.9,-,24.9,31.54,-,-
kz,USD,19.49,19.49,19.49,-,-,-
it.com,USD,4.99,31.99,31.99,99,-,-
pvt.ge,USD,29,-,29,-,-,-
motorcycles,USD,-,-,-,-,-,-
org.ge,USD,29,-,29,-,-,-
cfd,USD,1.99,18.99,18.99,184.9,-,-
fr,USD,14.99,14.99,14.99,52.83,30,-
org.kz,USD,19.49,19.49,19.49,120,-,-
com.kz,USD,19.49,19.49,19.49,120,-,-
